X101,Deep,Surat,9316997453
X102,Smit,Ahmedabad,1223356565
X103,Ram,Haridwar,1111111111
X104,Shyam,Ladakh,2342387547
X105,Arjun Kumar,Bangalore,9876543214
X106,Sai Gupta,Chennai,9876543215
X107,Reyansh Reddy,Hyderabad,9876543216
X108,Krishna Verma,Kolkata,9876543217
X109,Ishaan Joshi,Pune,9876543218
X110,Shaurya Iyer,Jaipur,9876543219
X111,Aanya Mehta,Lucknow,9765432101
X112,Diya Choudhary,Nagpur,9765432102
X113,Pari Jain,Indore,9765432103
X114,Myra Agarwal,Thane,9765432104
X115,Anika Tiwari,Bhopal,9765432105
X116,Riya Malhotra,Patna,9765432106
X117,Saanvi Nair,Ghaziabad,9765432107
X118,Kyra Pillai,Ludhiana,9765432108
X119,Zara Khan,Agra,9765432109
X120,Siya Mishra,Nashik,9765432110
X121,Rohan Desai,Vadodara,9654321091
X122,Advik Kumar,Faridabad,9654321092
X123,Kabir Yadav,Rajkot,9654321093
X124,Ansh Singh,Meerut,9654321094
X125,Neil Patel,Varanasi,9654321095
X126,Dhruv Jain,Srinagar,9654321096
X127,Yash Sharma,Amritsar,9654321097
X128,Ayaan Gupta,Allahabad,9654321098
X129,Veer Mehta,Jodhpur,9654321099
X130,Parth Shah,Raipur,9654321100
X131,BabuBhaiya,ajfkqjelqke,3471412234
